Date,Dichloromethane,Chloroform,CFC-11,CFC-12,Carbon Tetrachloride,CFC-113,CFC-114,Tetrachloroethene,1_2-Dichlorobenzene,1_4-Dichlorobenzene,PCBTF,N-Butane,Isobutane,N-Pentane,Isopentane,2-Methyl pentane,Butene,Propylene,cis-2-Pentene,Isoprene,alpha-Pinene,MVK,Benzene,Toluene,Ethylbenzene,Propylbenzene,m_p-Xylene,o-Xylene,p-Isopropyl Toluene,Naphthalene,Methanol,Ethanol,Phenol,Formaldehyde,Acetaldehyde,Isovaleraldehyde,Hexaldehyde,m_p-Tolualdehyde,Phenylacetaldehyde,Cyclohexanone,Methyl acetate,n-Butyl acetate,Diethylphthalate,D5-Siloxane,O3_form,b1_b2_3hr,b3_b2_3hr,NOx
7/10/2021,0.292625455,0.069236364,0.450647273,0.472029091,0.108334545,0.145803636,0.02128,0.016698182,0.003626617,0.011187381,0.034559362,0.784,0.419909091,0.207545455,0.909636364,0.913653485,0.479727273,0.4491,0.022454545,0.804602102,0.157481948,0.391743438,0.897018182,0.817803636,0.129512727,0.025454545,0.11648,0.104261818,0.049890909,0.043985455,143.12704,22.76,0.724885795,4.384586144,2.264250412,0.07063952,0.086607608,0.001163611,0.26057664,0.0026191,0.833476497,0.425772113,0.04791984,0.236625455,85.51948401,9.538644022,5.985064875,16.10109558
7/11/2021,0.20832,0.056,0.450036364,0.515607273,0.12096,0.147025455,0.02352,0.008349091,0.004189034,0.003865853,0.008738469,0.355272727,0.273636364,0.069545455,0.497818182,0.437583475,0.294181818,0.2905,0.0132,0.750622924,0.151055024,0.362932999,0.879098182,0.457978182,0.064145455,0.015883636,0.069032727,0.059054546,0.03584,0.032989091,62.56992,26.81,0.622391214,4.043510054,1.983701012,0.042762008,0.065294684,0.000193935,0.29029152,0.0016667,0.470551236,0.182853849,0.060257844,0.159650909,61.97321523,16.33137265,3.768628368,8.473447629
7/12/2021,0.259636364,0.078603636,0.484450909,0.415418182,0.147432727,0.154763636,0.022807273,0.011648,0.010257869,0.009103945,0.03076129,0.791272727,0.463454545,0.329545455,1.093454545,1.002816593,0.532272727,0.623818182,0.026454545,0.689711778,0.14357627,0.330671571,1.258676364,0.973789091,0.142341818,0.031563636,0.144174545,0.124625454,0.054370909,0.046225455,121.1952,26.16,0.587279048,5.199861001,2.739512774,0.060019596,0.089188322,0.00194536,0.1485744,0.0038096,0.877653033,0.384924622,0.598701568,0.264523636,80.31065604,3.855521916,4.557444663,16.20599454
7/13/2021,0.253323636,0.052945455,0.491374546,0.348014546,0.135825454,0.153949091,0.022196364,0.00896,0.005532877,0.004937076,0.025755323,0.495272727,0.271,0.1116,0.556818182,0.519281749,0.354272727,0.204,0.026181818,0.922091231,0.170901713,0.455107228,0.639825455,0.411752727,0.057832727,0.013216,0.043578182,0.042152727,0.039505455,0.018368,27.0032,25.1,0.720979514,4.880830836,2.163872688,0.089015792,0.197821763,0.000193935,0.19048,0.0019048,0.793027438,0.228861195,0.014368792,0.130938182,60.33021872,25.05974334,2.244852264,8.915962161
7/14/2021,0.306676364,0.068829091,0.526603636,0.437818182,0.103854545,0.144989091,0.02576,0.014458182,0.008412838,0.007716467,0.035368216,0.689090909,0.4,0.195727273,0.802272727,0.816093675,0.522454545,0.520272727,0.029,0.758588131,0.152014742,0.367171614,1.04384,0.790923636,0.128290909,0.028509091,0.126865455,0.108538182,0.059258182,0.045818182,424.26832,0.03,0.77575702,5.078186228,2.388816936,0.077896227,0.116151456,0.001953991,0.300272672,0.0028572,0.881607715,0.420197361,0.065311249,0.235607273,74.16141803,4.343638197,5.213038081,20.14366972
7/15/2021,0.270225454,0.07168,0.497687273,0.47488,0.151098182,0.15456,0.0224,0.011810909,0.007268473,0.007204473,0.028223102,0.775363636,0.385636364,0.325090909,1.131181818,0.966977489,0.425181818,0.5428,0.021818182,0.671811302,0.141328732,0.321243603,0.751418182,0.918603636,0.139694545,0.029527273,0.167796364,0.132974546,0.053149091,0.053556364,126.72128,8.5,0.370550583,3.783860957,2.37934719,0.057468411,0.075795699,0.001586858,0.15543168,0.0038096,0.951998429,0.468275894,0.046784541,0.252712727,65.87628251,1.082010048,6.778583151,16.93558545
7/16/2021,0.266763636,0.052130909,0.559185455,0.475490909,0.145396364,0.165963636,0.027490909,0.0112,0.005133645,0.004423559,0.022379866,0.640363636,0.362727273,0.194727273,0.736454545,0.718421908,0.400181818,0.3397,0.021272727,0.633274152,0.136407151,0.301032503,1.251549091,0.713745455,0.10976,0.024029091,0.111185455,0.095301818,0.038894545,0.036247273,108.4048,11.38,0.575663853,3.995954873,2.040776722,0.057828611,0.085484531,0.001588889,0.27657696,0.0019048,0.486277767,0.336174353,0.134781592,0.201396364,65.11411906,3.347967599,7.270427698,12.28741852
7/17/2021,0.22904,0.04928,0.511,0.44856,0.14672,0.16044,0.024,0.00704,0.004292731,0.00382471,0.019615363,0.40925,0.23425,0.1215,0.570625,0.589909958,0.226,0.218,0.01675,0.678940203,0.142226655,0.324995337,0.60004,0.504,0.0756,0.01848,0.0658,0.05964,0.03304,0.02576,0.026506667,0.18,0.475791192,3.859247862,1.965006612,0.070563356,0.094363352,0.001495454,0.18514656,0.002381,0.416927174,0.202951193,0.088206655,0.15484,64.11969133,6.328850444,5.914536479,11.24019272
7/18/2021,0.193861818,0.045003636,0.502370909,0.453905455,0.148450909,0.160465454,0.026208,0.008064,0.004010612,0.003248718,0.01042487,0.457727273,0.286181818,0.078,0.434727273,0.490914064,0.293636364,0.030333333,0.0179,0.867107263,0.164712202,0.425346201,0.600523636,0.311563636,0.043781818,0.01008,0.034007273,0.033192727,0.030952727,0.016352,0.026506667,0.18,0.589885327,3.83386371,1.856002152,0.069592987,0.093895242,0.000193935,0.25981472,0.0016667,0.299976331,0.113085479,0.080279956,0.142952727,44.60007327,29.70045449,3.589057303,5.778251355
7/19/2021,0.31136,0.029527273,0.199563636,0.69608,0.083694546,0.062923636,0.02688,0.010385455,0.006936287,0.006268867,0.031728294,0.71825,0.136818182,0.269,0.325,0.470992475,0.5415,0.623,0.013545455,0.778080005,0.154346446,0.377562743,0.637992727,0.579549091,0.092654546,0.021585454,0.087156364,0.077585455,0.033192727,0.032174546,0.026506667,0.18,0.735160958,3.534230631,2.025715614,0.041046614,0.054679429,0.000193935,0.20800416,0.0011905,0.648348129,0.238502586,0.083600634,0.190196364,60.89231053,5.050221203,7.025893913,13.93685811
7/20/2021,0.26012,0.045818182,0.350254545,0.4074,0.108130909,0.101410909,0.0272,0.010385455,0.005866587,0.005194596,0.030755045,0.62775,0.4615,0.232875,0.6,0.741142399,0.369625,0.391,0.0185,0.737806212,0.149502159,0.356122153,0.91448,0.726167273,0.115461818,0.024843636,0.124829091,0.104669091,0.030952727,0.034618182,824.71872,12.2,0.473257338,4.317734355,2.255530076,0.072622215,0.177358047,0.001863037,0.22324256,0.002373972,0.372385546,0.461874643,0.297652418,0.162705454,54.654217,9.843145433,-8.357382089,18.82200239
7/21/2021,0.269614545,0.05152,0.460421818,0.466938182,0.108741818,0.131752727,0.023072,0.009632,0.004930981,0.004254418,0.027379901,0.564181818,0.308181818,0.1307,0.681636364,0.745709547,0.327909091,0.3302,0.016181818,0.869519243,0.164986952,0.426647857,0.496608,0.607243636,0.095301818,0.020567273,0.092450909,0.08288,0.04032,0.031156364,345.64096,15.13,0.574718929,4.125671322,2.355627024,0.03634997,0.055742396,0.001203472,0.29257728,0.0016667,0.482016851,0.315419679,0.062961737,0.139287273,72.93292911,5.094555774,7.062743629,14.62619358
7/22/2021,0.302807273,0.071883636,0.51744,0.507869091,0.11872,0.136436364,0.019264,0.015272727,0.009381967,0.008696263,0.050549107,0.824181818,0.485818182,0.3528,1.180454545,1.23013016,0.425363636,0.5933,0.022272727,0.723866607,0.147800943,0.348728023,0.680756364,0.972974545,0.149061818,0.031563636,0.151505455,0.131752727,0.045410909,0.046429091,234.99392,14.07,0.43840223,4.868248895,2.912924187,0.072621483,0.102597809,0.002115726,0.17067008,0.0035715,0.732831309,0.695098831,0.146419771,0.221556364,75.53220982,0.71425681,7.162187345,21.00622071
7/23/2021,0.229090909,0.059665455,0.393018182,0.477730909,0.100392727,0.118923636,0.017472,0.010385455,0.007596087,0.006933239,0.03408757,0.499090909,0.572363636,0.1833,0.764727273,0.803096896,0.278,0.4697,0.018272727,0.666606371,0.140670735,0.318506909,0.509824,0.780538182,0.111389091,0.024436364,0.106094545,0.097745455,0.043374545,0.028916364,286.45344,0.03,0.569817833,5.652448976,3.086836565,0.062789539,0.090608695,0.002276696,0.22705216,0.0040477,0.635268206,0.509837927,0.01691166,0.186530909,80.64947757,11.52390607,-1.399503786,16.00706861
7/24/2021,0.188974546,0.050909091,0.402181818,0.53984,0.108334546,0.120349091,0.017716364,0.008756364,0.005269262,0.004633842,0.019894134,0.518909091,0.326181818,0.1689,0.637454545,0.675134435,0.2651,0.3855,0.016818182,0.494566294,0.117602564,0.229355637,0.46144,0.588916364,0.097338182,0.019752727,0.092247273,0.081861818,0.030341818,0.026269091,0.026506667,0.18,0.41999677,4.464218254,2.323024264,0.063968639,0.094928018,0.001695524,0.24533824,0.0040477,0.448775786,0.309920661,0.273623318,0.143156364,79.87564217,1.355065531,6.705496942,15.03168528
7/25/2021,0.17472,0.050298182,0.392203636,0.475694545,0.105076364,0.12096,0.018530909,0.012625455,0.005380498,0.004687175,0.013436413,0.469090909,0.261181818,0.0922,0.499272727,0.456948577,0.2745,0.3274,0.0153,0.496769258,0.117916589,0.230479676,0.439712,0.417861818,0.063534546,0.012544,0.049483636,0.046836364,0.023744,0.0168,57.21632,12.01,0.460690757,3.666472163,2.268992021,0.055122807,0.065049613,0.000193935,0.23848096,0.0021429,0.336632056,0.23415935,0.335722012,0.155374545,66.55853279,14.90187709,3.997531018,8.948137129
7/26/2021,0.009072,0.001629091,0.009866667,0.10528,0.10976,0.005226667,0.000373333,0.000266667,0.000162537,5.42E-05,0.004055148,0.011333333,0.001166667,0.000333333,0.004166667,0.004728575,0.014833333,0.030333333,0.00065,0.395577955,0.102854034,0.179398059,0.033653333,0.26432,0.032853333,0.009706667,0.038826667,0.034346667,0.100053333,0.01344,0.026506667,5.22,0.026210696,4.681181509,2.322348241,0.087236547,0.122214285,0.001848118,0.01942896,0.0033334,0.006656053,0.076535125,0.021621583,0.064213333,74.74580462,22.47271662,2.923732343,8.665174553
7/27/2021,0.18816,0.052334545,0.375912727,0.391389091,0.107316364,0.108334546,0.0168,0.009163636,0.002559965,0.001412044,0.01927715,0.391272727,0.413181818,0.1141,0.596727273,0.606008166,0.2097,0.3892,0.018454545,0.712825579,0.146444156,0.342881501,0.409024,0.530472727,0.078603636,0.017472,0.071069091,0.064756364,0.055185454,0.019936,162.15808,13.79,0.026210696,5.677079807,2.798232763,0.091889671,0.147188027,0.002099475,0.16228896,0.0050001,0.454169433,0.21635834,0.145736897,0.120756364,81.36317174,5.544203073,6.44513543,20.21125174
7/28/2021,0.172276364,0.042967273,0.410938182,0.444945454,0.10528,0.111796364,0.020384,0.00672,0.004295561,0.003618998,0.021058472,0.4634,0.308545455,0.132,0.626727273,0.676066304,0.2447,0.382,0.014545455,0.764652854,0.152742772,0.370401893,0.393568,0.621498182,0.091636364,0.021504,0.102836364,0.087970909,0.042967273,0.028448,33.19008,7.9,0.332601603,4.50060021,2.548252658,0.091778862,0.219208944,0.00286066,0.01942896,0.0050001,0.376978049,0.314938926,0.216090555,0.130938182,60.13000168,6.732794233,7.225499636,22.80345902
7/29/2021,0.42224,0.018816,0.13664,0.53592,0.058464,0.037408,0.02464,0.00784,0.004489082,0.003801853,0.026472723,0.643,0.375,0.161,0.2634,0.271154566,0.386,0.527,0.0076,0.835889159,0.161128104,0.408531938,0.55776,0.555744,0.09296,0.020384,0.10304,0.087808,0.02688,0.029344,61.6224,10.17,0.385124661,4.657029305,2.441662772,0.059404276,0.156568684,0.002454423,0.12038336,0.0038096,0.397574557,0.310171904,0.207513054,0.126112,60.10821625,6.002744794,7.385435998,22.61628653
7/30/2021,0.12544,0.035432727,0.348829091,0.412567273,0.082269091,0.106298182,0.018123636,0.00672,0.002488855,0.001361251,0.020285994,0.420818182,0.256545455,0.0789,0.522636364,0.544070133,0.2441,0.234,0.013363636,0.875335403,0.165648221,0.429788108,0.343168,0.490152727,0.069643636,0.016901818,0.0784,0.065978182,0.037265455,0.025250909,66.27264,18.26,0.495034243,4.378585489,2.212313578,0.073597005,0.195880244,0.002106585,0.19124192,0.0040477,0.435495824,0.265418135,0.002394799,0.097338182,57.95287141,4.580140818,8.600756808,16.05907726
7/31/2021,0.144989091,0.039505455,0.365934545,0.357381818,0.110370909,0.108130909,0.018938182,0.007738182,0.003373668,0.002523395,0.020667237,0.557727273,0.301636364,0.145,0.634,0.625784871,0.307,0.3196,0.016272727,0.854039547,0.163218307,0.418300353,0.376768,0.512552727,0.072494546,0.015904,0.066385454,0.062312727,0.030138182,0.021952,111.1264,22.37,0.397125443,4.633419648,2.344009346,0.061128832,0.145893863,0.001966687,0.01942896,0.0026191,0.330471181,0.267937147,0.226210193,0.117701818,69.8113356,5.344986748,7.59196607,15.73982616
8/1/2021,0.0952,0.02464,0.253730909,0.58688,0.073512727,0.074530909,0.02156,0.006272,0.004141658,0.003484905,0.009749342,0.3137,0.336363636,0.1634,0.332636364,0.436009505,0.2213,0.271,0.011875,0.777935929,0.154329297,0.37748584,0.27808,0.359825455,0.054778182,0.012096,0.047447273,0.0448,0.028224,0.021056,29.64416,7.37,0.455965454,4.674919771,2.429732662,0.025685952,0.056274423,0.001710251,0.12343104,0.0009524,0.189570223,0.146020311,0.044128182,0.118312727,54.89063463,6.567487768,6.566657856,10.17533664
8/2/2021,0.105056,0.022807273,0.360232727,0.38528,0.096930909,0.109149091,0.018592,0.005152,2.71E-05,5.42E-05,0.006611811,0.364727273,0.240625,0.0533,0.370727273,0.386976052,0.1862,0.030333333,0.0124,0.962213886,0.175325486,0.476937239,0.30496,0.280814545,0.041541818,0.009632,0.039098182,0.035432727,0.026208,0.0168,0.026506667,0.18,0.465321875,4.284643183,1.915189428,0.058583374,0.162765336,0.001555374,0.2400048,0.0011905,0.177570183,0.082557701,0.24777994,0.052130909,48.26301197,14.71873089,4.102708898,7.970990791
8/3/2021,0.154967273,0.029527273,0.359010909,0.343127273,0.108945454,0.106705454,0.0224,0.009367273,0.001743214,0.001060557,0.012888902,0.354181818,0.246454545,0.1234,0.579636364,0.884814926,0.2437,0.2761,0.023636364,0.983107273,0.177599863,0.488341296,0.447328,0.707025455,0.119127273,0.029323636,0.183069091,0.140509091,0.064552727,0.056,0.026506667,8.41,0.533249348,4.189732726,2.426660914,0.050010126,0.118310302,0.002882748,0.254405088,0.0019048,0.279830829,0.151489693,0.002394799,0.076363636,70.66101482,8.676985365,5.545122106,12.4787048
8/4/2021,0.227665455,0.047243636,0.434763636,0.357992727,0.110574545,0.107316364,0.020832,0.011403636,0.003681474,0.002998816,0.029657682,0.793454545,0.581454545,0.2239,0.778909091,0.80331093,0.384454545,0.4381,0.019545455,0.963997414,0.175520401,0.477909768,0.424704,0.691956364,0.108130909,0.022807273,0.106094546,0.094283636,0.040727273,0.030341818,27.52288,9.34,0.539673408,5.843125185,3.2336877,0.05175988,0.128818933,0.002392726,0.27733888,0.0019048,0.519502368,0.35790041,0.039751581,0.161076364,83.63835914,5.077888306,6.58507354,19.81442829
8/5/2021,0.2128,0.046836364,0.430690909,0.409716364,0.101614545,0.105890909,0.021056,0.012421818,0.007009428,0.005561829,0.033140393,1.011181818,0.580818182,0.2005,0.831727273,0.778413882,0.376363636,0.5586,0.0221,1.019257146,0.181489849,0.508129716,0.483392,1.259898182,0.111185454,0.023010909,0.110370909,0.093672727,0.038487273,0.030138182,23.80672,9.81,0.565383929,6.443940125,3.287306512,0.066241513,0.185962933,0.002454423,0.29105344,0.0030953,0.502820918,0.457169196,0.247265894,0.158632727,60.08335804,36.12959305,2.874461992,17.43833609
8/6/2021,0.200378182,0.046429091,0.337221818,0.418472727,0.085934545,0.097541818,0.019141818,0.009570909,0.006160678,0.00562278,0.026422577,0.663272727,0.446090909,0.1397,0.593909091,0.602903032,0.345,0.4392,0.0167,0.76976757,0.153354967,0.373128157,0.425824,0.561629091,0.086952727,0.017696,0.077585454,0.073716364,0.03584,0.0224,0.026506667,0.18,0.614855618,6.338358198,3.420944172,0.05788015,0.133475534,0.002504441,0.209528,0.0028572,0.413032174,0.268404727,0.002394799,0.168610909,80.55064413,16.41613652,4.240211009,13.71809842
8/7/2021,0.153541818,0.042356364,0.326632727,0.457570909,0.095709091,0.098967273,0.019488,0.008512,0.005689827,0.005001075,0.020527666,0.3375,0.258636364,0.0585,0.470090909,0.451396875,0.2127,0.3414,0.0133,0.663404499,0.140264939,0.316824462,0.34176,0.448407273,0.066385454,0.014784,0.054574545,0.052741818,0.026065455,0.01904,0.026506667,6.51,0.587809825,5.892000695,2.840822384,0.080183132,0.22935473,0.001751637,0.273605472,0.0040477,0.33822249,0.16301458,0.238920217,0.140101818,58.00553291,23.0726754,1.69488321,8.570706829
8/8/2021,0.138676364,0.047447273,0.31584,0.406254545,0.109556364,0.101207273,0.016576,0.008288,0.004614032,0.00392528,0.011528322,0.3238,0.239272727,0.1039,0.371909091,0.43217995,0.2045,0.284,0.0134,0.537645663,0.123645914,0.251424858,0.364448,0.364712727,0.053556364,0.0112,0.04032,0.040116364,0.023621818,0.015904,49.1904,11.97,0.559191177,5.702247757,3.082696911,0.08533189,0.231361801,0.001918955,0.1447648,0.0028572,0.293061399,0.19039771,0.278138853,0.137047273,58.70608225,22.83364999,2.572440003,8.150670524
8/9/2021,0.27496,0.021585455,0.139490909,0.54824,0.062923636,0.10192,0.01568,0.006272,0.003641855,0.002519331,0.017876759,0.57025,0.321,0.083,0.253090909,0.284187236,0.24,0.503,0.009818182,0.584910581,0.130057609,0.275842308,0.22016,0.504407273,0.081047273,0.016087273,0.072901818,0.068421818,0.019549091,0.021381818,18.35008,8.81,0.026210696,5.502605233,3.107595403,0.077590428,0.216852082,0.002236326,0.16990816,0.0042858,0.132865477,0.214837055,0.212401524,0.170850909,68.64481589,11.14902053,4.292803189,12.49648176
8/10/2021,0.238661818,0.038487273,0.359214545,0.529658182,0.080843636,0.090821818,0.019264,0.00896,0.006113441,0.005442973,0.030096222,0.625909091,0.465,0.1982,0.759181818,0.789708271,0.3005,0.5211,0.0187,0.75816681,0.151964079,0.3669473,0.40656,0.691345454,0.103447273,0.022603636,0.101207273,0.090821818,0.02912,0.028224,30.2736,8.89,0.537052848,6.076000444,3.564078523,0.07484053,0.208412266,0.002636722,0.16914624,0.0028572,0.377410396,0.315959702,0.015192416,0.165556364,72.6769881,10.867372,3.714229722,16.41711463
8/11/2021,0.118048,0.019345455,0.307287273,0.345570909,0.093469091,0.091432727,0.015232,0.00352,0.006974599,0.006500048,0.00744018,0.1512,0.0969,0.01,0.197636364,0.232661115,0.093,0.030333333,0.0087,0.786919259,0.155396125,0.382283579,0.033653333,0.160465454,0.023825455,0.006944,0.024416,0.021952,0.083287273,0.01184,21.952,5.1,0.497406472,4.106214407,1.626716251,0.085838119,0.229816582,0.001348194,0.14400288,0.0030953,0.155297845,0.057841759,0.206495042,0.041216,57.46475501,8.603705257,-0.321672928,8.811063343
8/12/2021,0.29176,0.05264,0.73528,1.2992,0.19656,0.21336,0.04536,0.009706667,0.001462837,5.42E-05,0.036298844,0.6545,0.52425,0.057,0.62875,0.721596191,0.418,0.511,0.01975,0.7222598,0.147604007,0.347876618,0.56896,0.60368,0.0868,0.02352,0.06832,0.06776,0.0728,0.03416,46.0768,6.07,0.91926657,4.247563662,1.793919537,0.064829916,0.176680467,0.001507133,0.30933952,0.002381,0.413526921,0.260474782,0.364972201,0.17752,55.83068072,8.975712174,4.463283894,10.94914967
8/13/2021,0.109556364,0.015883636,0.244567273,0.414807273,0.062516364,0.072698182,0.016,0.003808,0.004774538,0.003403128,0.011014845,0.1781,0.1312,0.000333333,0.192363636,0.223342421,0.089,0.030333333,0.00065,0.651714857,0.138776731,0.31068897,0.033653333,0.187549091,0.030749091,0.007168,0.033803636,0.029527273,0.017472,0.019264,854.83552,4.36,0.863673895,3.914512923,1.918697493,0.064243799,0.18736345,0.001631035,0.1257168,0.002381,0.136755244,0.067236188,0.210808991,0.079010909,48.47407449,6.998875419,3.118802315,11.32246625
8/14/2021,0.080192,0.020363636,0.252712727,0.387316364,0.075345454,0.076363636,0.01568,0.00448,0.001331792,0.001301751,0.01177624,0.1964,0.1466,0.055,0.306818182,0.339921587,0.107,0.182,0.00065,0.840665127,0.160745894,1.539816926,0.033653333,0.287330909,0.050501818,0.01232,0.063738182,0.053149091,0.018144,0.031136,417.77008,7.06,0.239692619,4.118321777,2.01284285,0.066946167,0.172715014,0.002051236,0.01942896,0.0038096,0.157652215,0.086364207,0.10074281,0.118312727,48.10114228,7.428528542,2.444552352,16.26931583
8/15/2021,0.101546667,0.02856,0.24864,0.42896,0.07224,0.07448,0.000373333,0.005973333,0.003911058,0.002783454,0.012787542,0.43175,0.26625,0.06,0.42475,0.427354316,0.234,0.594,0.00065,0.743642844,0.199610802,0.49772322,0.033653333,0.294,0.04816,0.0112,0.042,0.04088,0.021653333,0.020906667,308.97888,3.705,0.026210696,5.741105862,3.105512107,0.060165051,0.15697777,0.001725994,0.01942896,0.0014286,0.281238512,0.122046901,0.284801284,0.17864,62.42397011,19.65479059,0.534373089,9.520379757
8/16/2021,0.130592,0.026065454,0.237236364,0.482414546,0.054981818,0.068829091,0.014784,0.0064,0.004942155,0.003961851,0.016719447,0.792,0.617090909,0.1204,0.559363636,0.58140418,0.369272727,0.5014,0.013818182,1.131561835,0.254068927,0.615135088,0.30976,0.450443636,0.072698182,0.01792,0.066385455,0.064756364,0.034007273,0.03136,119.90944,6.91,0.340998025,5.962908525,3.336346673,0.072876031,0.198798507,0.002528815,0.01942896,0.0033334,0.371758592,0.142714316,0.056720003,0.22176,81.45734649,12.25358927,3.306003204,16.37935683
8/17/2021,0.08736,0.014050909,0.08512,0.48496,0.036858182,0.0644,0.01344,0.00672,0.006706195,0.006052489,0.016143523,0.52025,0.33925,0.037,0.176090909,0.221314042,0.217,0.553,0.01,0.633743417,0.136467789,0.301277889,0.033653333,0.353309091,0.066589091,0.01456,0.0672,0.06048,0.019956364,0.028509091,171.91888,5.07,0.397936059,4.980671808,3.209088168,0.08082594,0.208437016,0.002423448,0.01942896,0.0050001,0.147505376,0.168483962,0.016201788,0.174923636,77.86153041,8.787747852,4.633263143,18.45309336
8/18/2021,0.059584,0.009856,0.144989091,0.415418182,0.069032727,0.064145454,0.014784,0.0016,2.71E-05,5.42E-05,0.001771799,0.011333333,0.105,0.000333333,0.0253,0.004728575,0.014833333,0.030333333,0.00065,0.332871084,0.092735864,0.148376844,0.033653333,0.049056,0.007616,0.000586667,0.007168,0.0064,0.009856,0.001013333,104.50272,0.18,0.026210696,0.492384075,0.21390339,0.067087327,0.169686591,0.000193935,0.01942896,0.0021429,0.087898192,0.021701596,0.253847691,0.00896,75.92541166,13.56086603,3.534410296,3.112879152
8/19/2021,0.062496,0.010996364,0.219316364,0.460421818,0.066385455,0.067403636,0.014112,0.000266667,2.71E-05,5.42E-05,0.000902791,0.011333333,0.007,0.000333333,0.0382,0.050957874,0.014833333,0.030333333,0.00065,0.251386734,0.04897683,0.083105218,0.033653333,0.04128,0.00608,0.000586667,0.006944,0.006496,0.00672,0.00608,86.74736,0.18,0.157264173,0.492384075,0.21390339,0.070790413,0.170559159,0.000193935,0.1600032,0.002381,0.132864066,0.009784864,0.222430448,0.01088,31.76144597,12.73523759,0.814297801,3.141234253
8/20/2021,0.164741818,0.034210909,0.310545455,0.599709091,0.090618182,0.093265454,0.019936,0.009774545,0.005297706,0.004200578,0.029773992,0.578818182,0.448363636,0.1515,0.512818182,0.693035877,0.2866,0.6236,0.009,0.301473225,0.087383881,0.133056493,0.352,0.5936,0.100596364,0.022196364,0.125847273,0.102836364,0.024436364,0.041541818,197.79984,4.04,0.23723085,3.738061245,2.633101982,0.05726254,0.133491855,0.002792361,0.13105024,0.0054763,0.373343758,0.354610878,0.139656547,0.252509091,60.13356058,6.266254332,0.628978739,18.94115237
8/21/2021,0.009072,0.04928,0.12544,0.0126,0.08736,0.005226667,0.00352,0.0112,0.007810506,0.00732507,0.017248691,0.118,0.001166667,0.000333333,0.164,0.004728575,0.014833333,0.5106,0.00065,0.211776835,0.07069833,0.090225387,0.033653333,0.49952,0.08288,0.000586667,0.1232,0.0896,0.000586667,0.05824,46.71968,0.18,0.196917689,0.492384075,2.409278165,0.069050683,0.159388757,0.002167267,0.01942896,0.0035715,0.263037423,0.189725974,0.057675132,0.31584,58.08912749,6.03105126,3.061947211,9.829346566
8/22/2021,0.114016,0.025312,0.233408,0.626589091,0.10416,0.099008,0.020832,0.005152,0.00187934,0.000751736,0.010544474,0.3659,0.300454545,0.088,0.3125,0.374022409,0.1947,0.3731,0.008,0.263694785,0.080638605,0.114834966,0.28704,0.247296,0.039648,0.009184,0.042336,0.037408,0.009184,0.01904,0.026506667,0.18,0.026210696,3.159611778,2.193437367,0.067135716,0.162238478,0.001755952,0.133336,0.0042858,0.214941014,0.094239984,0.002394799,0.12768,54.78471836,9.95621414,1.468036115,6.914949827
8/23/2021,0.170647273,0.031563636,0.249250909,0.514589091,0.098356364,0.089803636,0.01904,0.005824,0.003608332,0.002919579,0.013363973,0.3712,0.330272727,0.0868,0.434272727,0.50511009,0.2247,0.4621,0.01,0.329375924,0.092150393,0.146663987,0.36768,0.351272727,0.064145455,0.014336,0.061701818,0.057425454,0.015008,0.018368,35.56672,5.04,0.227769703,4.00418827,4.12252573,0.081734461,0.215858474,0.002109633,0.01942896,0.0038096,0.301978368,0.103437502,0.271980389,0.137250909,64.76923236,8.302471312,2.351237294,12.37145526
8/24/2021,0.122528,0.031156364,0.319709091,0.51744,0.099985455,0.108945455,0.0224,0.006944,0.005369832,0.004670413,0.024132306,0.3732,0.308545455,0.0511,0.388181818,0.395194943,0.1955,0.28,0.007,0.574816911,0.128706299,0.270610686,0.493472,0.399534545,0.064145455,0.018123636,0.079621818,0.05824,0.000586667,0.032174545,64.08416,0.03,0.426687501,4.457041395,2.582837706,0.060268415,0.153347143,0.001913369,0.21181376,0.002381,0.286841912,0.133036704,0.394696117,0.316858182,62.46886819,11.54593017,2.047604048,10.50545965
8/25/2021,0.187141818,0.034210909,0.342923636,0.391185455,0.110778182,0.112203636,0.022176,0.00784,0.005854397,0.005182406,0.028352837,0.3682,0.3441,0.1076,0.505818182,0.450385978,0.2201,0.265,0.012,0.807886797,0.157867375,0.393502969,0.41344,0.51744,0.080232727,0.018816,0.106094545,0.079214545,0.000586667,0.04256,0.026506667,0.03,0.794578483,4.824550025,2.646020544,0.054072841,0.140738691,0.002093382,0.185603712,0.0021429,0.305998907,0.155898785,0.124265195,0.314618182,73.59840284,13.95190549,2.75342879,12.0547018
8/26/2021,0.186938182,0.020770909,0.349236364,0.412770909,0.095912727,0.115665454,0.023072,0.00448,0.004873077,0.006386852,0.012833011,0.1708,0.122,0.021,0.267636364,0.270245416,0.111,0.030333333,0.008,0.980198673,0.17728441,0.486752256,0.3744,0.254749091,0.046429091,0.010752,0.058443636,0.043374545,0.000586667,0.02912,116.14176,0.03,0.738921616,3.953712318,2.047640669,0.043522211,0.10590639,0.001911591,0.2323856,0.0011905,0.211886684,0.079123284,0.060019606,0.166574545,45.28763408,13.12413718,2.551780472,8.312573192
8/27/2021,0.13664,0.02408,0.30856,0.32284,0.0952,0.09716,0.0208,0.008,2.71E-05,5.42E-05,0.015921423,0.312,0.200545455,0.064,0.380375,0.339079036,0.2251,0.201,0.011,1.030836254,0.182724125,0.514483089,0.25696,0.30016,0.04032,0.0096,0.03892,0.03556,0.03304,0.02048,0.026506667,9.06,0.026210696,4.280308242,2.138454383,0.052344275,0.136023066,0.00158711,0.18819424,0.002381,0.234013996,0.10088474,0.152958731,0.134196364,51.88489528,14.96324421,0.928523227,7.728283517
8/28/2021,0.135418182,0.035025455,0.312785454,0.331927273,0.095505455,0.098356364,0.019488,0.006496,0.00333405,0.002683392,0.019499776,0.387636364,0.307818182,0.0895,0.537181818,0.502899946,0.2114,0.444,0.0133,1.175686053,0.197722867,0.594542568,0.28992,0.375709091,0.056203636,0.01232,0.050909091,0.04704,0.038690909,0.028101818,28.94528,11.44,0.560049984,5.808872625,2.838382232,0.066431921,0.170991091,0.00173488,0.13485984,0.0019048,0.292521375,0.128179787,0.688478077,0.187141818,61.62944013,17.79748267,1.862539974,10.16945996
8/29/2021,0.1008,0.032174545,0.304029091,0.406661818,0.0784,0.095098182,0.017696,0.005376,0.003999946,0.003305098,0.009568087,0.327636364,0.192090909,0.037,0.351727273,0.345038637,0.222454545,0.030333333,0.0099,1.008181435,0.180303973,0.502059301,0.31712,0.251898182,0.042763636,0.008736,0.04032,0.033192727,0.030545454,0.0224,45.76992,9.32,0.71071452,4.928965269,2.333913401,0.063711229,0.173384127,0.001514497,0.285872384,0.0014286,0.248193369,0.176096972,0.079927753,0.160872727,51.81410665,20.35797656,1.249355541,7.960265928
8/30/2021,0.009072,0.001629091,0.009866667,0.0126,0.003210667,0.005226667,0.000373333,0.000266667,2.71E-05,5.42E-05,8.15E-05,0.011333333,0.001166667,0.000333333,0.004166667,0.004728575,0.014833333,0.030333333,0.00065,0.692399213,0.143911672,0.33208914,0.033653333,0.00688,0.001013333,0.000586667,0.001157333,0.001013333,0.000586667,0.001013333,0.026506667,0.18,0.026210696,0.492384075,0.21390339,0.004280992,0.009113238,0.000193935,0.01942896,0.00011905,0.006656053,0.001630811,0.002394799,0.00016,71.88993175,14.88768909,3.155087884,13.80962783
8/31/2021,0.154967273,0.046836364,0.270632727,0.473454545,0.074530909,0.077789091,0.016128,0.010528,0.004165023,0.003012023,0.023901718,0.567636364,0.481454545,0.1744,0.692636364,0.760767634,0.3189,0.6089,0.0114,0.370614592,0.098908949,0.166984906,0.3728,0.621294545,0.108945455,0.023010909,0.136232727,0.109149091,0.036043636,0.04704,61.88224,9.02,0.026210696,5.835152867,3.960361667,0.075273172,0.179654762,0.003450209,0.01942896,0.0073811,0.46717609,0.258681016,0.106659371,0.2464,79.5202467,7.310162953,3.368480923,23.0504269
9/1/2021,0.12192,0.02436,0.27168,0.46656,0.08848,0.08608,0.01824,0.0048,0.007270649,0.006776506,0.015598353,0.331,0.492,0.064,0.225,0.342816921,0.196,0.4205,0.007,0.138669189,0.056530933,0.123450726,0.27168,0.25844,0.0434,0.00896,0.0504,0.0406,0.01856,0.02324,0.32928,8.04,0.3124032,3.191282131,1.961349065,0.093535487,0.245224164,0.002000202,0.14247904,0.0030953,0.539263844,0.128362951,0.292925217,0.10584,59.12231695,7.514358235,3.579307121,9.373462529
9/2/2021,0.149061818,0.029323636,0.308916364,0.538414545,0.083083636,0.083490909,0.016494546,0.007168,0.001061573,5.42E-05,0.025349569,0.433272727,0.404636364,0.0881,0.463909091,0.519443097,0.2527,0.5172,0.008,0.325399458,0.081977415,0.201909494,0.32288,0.413585454,0.072087273,0.014784,0.084101818,0.069032727,0.017024,0.032581818,40.0624,13.45,0.026210696,4.10454869,2.657242305,0.092846295,0.237666437,0.002644086,0.12800256,0.0059525,0.418228252,0.20246262,0.27432887,0.171461818,64.80700219,6.844549949,1.598838794,18.62586799
9/3/2021,0.135418182,0.0224,0.231127273,0.318690909,0.071476364,0.070458182,0.015456,0.008288,0.003727188,0.00304453,0.015608657,0.352181818,0.275,0.044,0.334727273,0.341294695,0.2025,0.232,0.01125,0.604239912,0.223662361,0.411733089,0.23328,0.267985455,0.039709091,0.008288,0.034618182,0.032581818,0.016576,0.01456,58.08992,10.15,0.292766855,4.789628459,2.615352938,0.042010109,0.094218106,0.001493677,0.219204384,0.0011905,0.263455612,0.139777116,0.151240206,0.128698182,72.25701976,13.11649228,3.937553153,15.2563217
9/4/2021,0.009072,0.001629091,0.009866667,0.0126,0.003210667,0.005226667,0.000373333,0.000266667,2.71E-05,5.42E-05,8.15E-05,0.011333333,0.001166667,0.000333333,0.004166667,0.004728575,0.014833333,0.030333333,0.00065,0.813162652,0.141719378,0.484072049,0.033653333,0.00688,0.001013333,0.000586667,0.001157333,0.001013333,0.000586667,0.001013333,0.026506667,0.18,0.026210696,0.492384075,0.21390339,0.004280992,0.009113238,0.000193935,0.01942896,0.00011905,0.006656053,0.001630811,0.002394799,0.00016,42.21463732,18.56225914,1.710787535,5.749455497
9/5/2021,0.06944,0.014458182,0.243549091,0.353716364,0.059665455,0.073105454,0.016576,0.00192,0.002725405,0.002253031,0.003573728,0.108,0.0586,0.000333333,0.171090909,0.162148567,0.095,0.030333333,0.0063,0.783269875,0.150378712,0.416317828,0.033653333,0.114016,0.016576,0.00448,0.017472,0.015232,0.019936,0.015904,21.35392,6.02,0.478957828,3.364198412,1.503862688,0.054368047,0.149108875,0.000193935,0.18819424,0.0014286,0.110333006,0.030086539,0.4412525,0.054370909,36.40277675,18.0472978,1.717600044,5.961310205
9/6/2021,0.1008,0.030952727,0.243345455,0.496058182,0.060072727,0.071883636,0.016352,0.007392,0.002288731,0.001670072,0.010480449,0.422454545,0.432363636,0.0915,0.500545455,0.489287409,0.2438,0.4198,0.015,0.690876096,0.17504406,0.532337119,0.29376,0.372450909,0.05824,0.012768,0.054981818,0.05152,0.02688,0.025658182,36.47168,10.48,0.49883219,5.891659394,3.27019848,0.036443312,0.088287194,0.001795307,0.18819424,0.0014286,0.343987896,0.133313301,0.091192653,0.186530909,70.52909076,17.03308475,1.33287622,12.12448748
9/7/2021,0.114688,0.02912,0.290589091,0.338850909,0.078807273,0.0784,0.017472,0.00784,0.0063222,0.005601447,0.014904403,0.2985,0.233,0.0443,0.395545455,0.413532684,0.1917,0.3492,0.011,0.642039548,0.16544228,0.439414294,0.26176,0.362269091,0.059665455,0.012768,0.061090909,0.05376,0.022196364,0.025658182,1307.2416,8.58,0.495231003,4.429230055,2.494738881,0.044461939,0.107362121,0.001913114,0.16990816,0.0019048,0.358423969,0.115005196,0.188999862,0.158225455,75.49583967,8.765202563,0.746738969,16.81511328
9/8/2021,0.17696,0.036043636,0.287127273,0.367563636,0.081047273,0.081658182,0.017248,0.009408,0.006186582,0.00504882,0.030369275,0.627818182,0.480454545,0.1889,0.756909091,0.745479049,0.3659,0.4781,0.0158,0.715458777,0.182377624,0.469340108,0.38112,0.59808,0.094690909,0.023072,0.098152727,0.08512,0.027694546,0.040727273,32.31872,8.83,0.556966086,4.889964398,2.924440861,0.036706448,0.077914834,0.002253338,0.20495648,0.002381,0.39709161,0.318521519,0.533921774,0.225629091,88.62233995,8.230866099,0.380651522,22.78024609
9/9/2021,0.248029091,0.043985454,0.314210909,0.53312,0.068218182,0.077585454,0.017248,0.013847273,0.008929402,0.00827265,0.04119584,0.836363636,0.825454545,0.2195,0.908909091,0.909432084,0.4347,0.7825,0.017363636,0.938109228,0.172676853,0.463811167,0.43808,0.816989091,0.141730909,0.030138182,0.165149091,0.136436364,0.052130909,0.056814545,1025.49216,12.27,0.592279771,6.668512636,3.88640416,0.057139419,0.135730941,0.003248105,0.13257408,0.0042858,0.683922984,0.462529915,0.551127174,0.333963636,53.18170722,8.46680176,2,11.48
9/10/2021,0.15008,0.029934545,0.221963636,0.450647273,0.055389091,0.065570909,0.01376,0.008736,0.012212079,0.00936673,0.03047044,0.550818182,0.453363636,0.1145,0.534454545,0.562440802,0.3045,0.512,0.015181818,0.726149037,0.148080387,0.349937749,0.30624,0.451461818,0.073105455,0.015456,0.070254545,0.062516364,0.130123636,0.030749091,57.35072,8.51,0.447425429,5.24653913,2.985867649,0.051470689,0.12222843,0.001933934,0.275561066,0.0038096,0.383255161,0.200529732,0.014519981,0.191214545,53.18170722,8.46680176,2,11.48
9/11/2021,0.093333333,0.02184,0.2464,0.45696,0.0784,0.07616,0.000373333,0.000266667,2.71E-05,0.006709024,0.008238809,0.228,0.111,0.000333333,0.28,0.281410562,0.214,0.030333333,0.011,0.804304156,0.157446956,0.391583871,0.77952,0.24752,0.03864,0.010453333,0.042,0.03696,0.0336,0.034346667,36.35744,10.88,0.401407356,3.362414404,1.669510573,0.050234607,0.1237916,0.001276087,0.01942896,0.0028572,0.164842098,0.077630812,0.002394799,0.09464,62.27253151,13.99195624,4.236232125,12.82116872
9/12/2021,0.0616,0.013847273,0.236829091,0.334574545,0.065367273,0.071272727,0.015232,0.000266667,2.71E-05,5.42E-05,0.002536783,0.074,0.0315,0.000333333,0.149272727,0.138176803,0.014833333,0.030333333,0.0046,0.855464134,0.163381607,0.419067941,0.033653333,0.106501818,0.0168,0.00384,0.016576,0.014784,0.02688,0.015232,9.08768,5.28,0.484402848,3.156552298,2.053816479,0.041257066,0.098217831,0.001195348,0.14628864,0.0030953,0.084040131,0.017981175,0.583794252,0.038283636,44.27870744,15.35563128,2.378865735,7.442970182
9/13/2021,0.123872,0.018938182,0.245789091,0.286516364,0.075141818,0.074123636,0.01568,0.00288,2.71E-05,5.42E-05,0.008905673,0.1972,0.1348,0.032,0.274545455,0.271239849,0.133,0.030333333,0.0077,0.94071871,0.172964888,0.465230535,0.033653333,0.189381818,0.029730909,0.00704,0.033192727,0.028712727,0.026269091,0.020832,194.31328,7.88,0.409011977,3.893441953,1.871956093,0.044259507,0.114304319,0.001399228,0.16228896,0.0030953,0.135198773,0.071844496,0.672875288,0.084712727,57.4260443,14.35780792,2.652095748,9.981993525
9/14/2021,0.112224,0.021381818,0.257192727,0.478952727,0.064552727,0.066181818,0.015232,0.005376,2.71E-05,0.000325075,0.013095761,0.400181818,0.246272727,0.055,0.329,0.328432922,0.1881,0.343,0.007,0.828321077,0.126008482,0.386201367,0.033653333,0.322967273,0.055185455,0.011872,0.083898182,0.053963636,0.02464,0.026432,483.56224,5.97,0.456570808,3.794306692,2.281987343,0.03123557,0.072397903,0.002164474,0.13638368,0.0021429,0.147564646,0.115887672,0.468184444,0.145396364,60.17722074,8.38728404,2.115381972,17.15566737
9/15/2021,0.137658182,0.030749091,0.2464,0.342109091,0.073512727,0.070254546,0.015008,0.00896,2.71E-05,0.003379764,0.025137871,0.433727273,0.312545455,0.0949,0.472181818,0.431972501,0.2284,0.3688,0.011,0.62429774,0.130293241,0.375898893,0.22848,0.428654545,0.076567273,0.016128,0.097949091,0.072698182,0.02352,0.03024,287.57568,8.86,0.330476118,3.873552629,2.590159524,0.031890976,0.069079803,0.002098713,0.13866944,0.0028572,0.240812173,0.227639557,0.629141116,0.194676364,67.44107737,8.787487331,2.956503422,18.55578846
9/16/2021,0.142464,0.037469091,0.237847273,0.410938182,0.070661818,0.06944,0.01472,0.00896,2.71E-05,0.004342798,0.024975663,0.550545455,0.430636364,0.1277,0.569454545,0.526670847,0.2922,0.5278,0.01,0.581683073,0.130041115,0.291729807,0.29024,0.500741818,0.079621818,0.017248,0.092247273,0.076974545,0.025984,0.036247273,229.49696,10.03,0.329045639,4.341408068,3.19081392,0.036570441,0.08917826,0.002464073,0.13790752,0.0038096,0.342483405,0.276643375,0.575448575,0.254545455,73.97902333,7.922441095,2.159658366,22.63891172
9/17/2021,0.18144,0.032928,0.201192727,0.340276364,0.063127273,0.06048,0.013216,0.012768,2.71E-05,0.001925053,0.022601868,1.197272727,0.459727273,0.1039,0.469181818,0.470524893,0.5234,0.4933,0.0094,0.323152921,0.091101794,0.143618817,0.27456,0.444538182,0.075752727,0.017024,0.096523636,0.077789091,0.021504,0.03808,104.94176,5.85,0.026210696,4.142813921,3.151248903,0.05660513,0.13456951,0.002593052,0.13409792,0.004762,0.297651597,0.273775324,0.317307094,0.204858182,65.24189064,8.07490549,1.177918232,28.9616411
9/18/2021,0.124544,0.029323636,0.206894546,0.349643636,0.066589091,0.062516364,0.01248,0.009184,2.71E-05,0.004164515,0.014020767,0.347,0.246181818,0.0764,0.433090909,0.411636016,0.1964,0.3645,0.0067,0.47491799,0.099346626,0.243278297,0.22592,0.375098182,0.062516364,0.013664,0.077381818,0.064349091,0.019488,0.034007273,80.26816,6.73,0.252467294,3.732811178,2.68733758,0.058174497,0.141487773,0.00252526,0.01942896,0.0042858,0.207358391,0.189123387,0.351798529,0.214225455,68.37243149,6.894434396,1.966320154,20.17231857
9/19/2021,0.082432,0.021585454,0.214225455,0.333149091,0.068421818,0.064552727,0.0144,0.00768,2.71E-05,0.004712861,0.010063766,0.2588,0.196363636,0.042,0.275636364,0.259563493,0.142,0.226,0.0084,0.388229984,0.06353181,0.223106315,0.20448,0.215854546,0.035025455,0.00736,0.028101818,0.027287273,0.01008,0.013216,66.89984,5.39,0.171874973,4.12250715,2.360103344,0.050719648,0.140502053,0.001527952,0.16305088,0.002381,0.159032238,0.086064559,0.426627405,0.170443636,52.09508913,15.96284367,3.124584316,9.010430173
9/20/2021,0.159936,0.019956364,0.218298182,0.448407273,0.057221818,0.063738182,0.014112,0.00608,2.71E-05,5.42E-05,0.018806919,0.3436,0.226090909,0.093,0.417727273,0.392573854,0.2049,0.4112,0.0101,0.798983772,0.130158583,0.417261142,0.35008,0.3696,0.057832727,0.012768,0.066385455,0.054778182,0.023744,0.035392,97.35488,7.16,0.31994945,4.516436074,2.41957342,0.038986194,0.087597135,0.001935205,0.01942896,0.0016667,0.251711094,0.153588211,0.552830579,0.15232,76.97482661,11.23520409,2.973799403,15.8101995
9/21/2021,0.072352,0.011810909,0.220130909,0.323170909,0.058850909,0.069236364,0.015008,0.000266667,2.71E-05,0.00219861,0.002603134,0.011333333,0.02,0.000333333,0.089090909,0.091074263,0.014833333,0.030333333,0.004,1.02675101,0.225442881,0.467461181,0.033653333,0.07168,0.012218182,0.00352,0.015883636,0.012625455,0.022603636,0.01232,36.78304,6.39,0.324704222,3.371874309,1.286400511,0.191182364,0.633521304,0.000193935,0.18438464,0.0016667,0.08303422,0.014350789,0.495741307,0.070661818,35.84240243,16.01460208,1.892082059,5.769730097
9/22/2021,0.118312727,0.017512727,0.23296,0.279389091,0.072698182,0.06944,0.014784,0.006944,2.71E-05,5.42E-05,0.016305886,0.277,0.1767,0.029,0.294818182,0.294151324,0.1757,0.183,0.0093,0.950863787,0.161201769,0.49965059,0.20192,0.220945455,0.038894545,0.00896,0.038894546,0.034007273,0.025984,0.01568,27.28768,5.85,0.392229448,4.255748115,2.057134666,0.035159129,0.090734629,0.001570608,0.11657376,0.0019048,0.171753078,0.099291837,0.49629567,0.104058182,35.7646066,16.03627516,1.905492792,12.13315552
9/23/2021,0.083776,0.016901818,0.254545454,0.325207273,0.075956364,0.073309091,0.015232,0.00608,2.71E-05,0.002303098,0.011304759,0.1986,0.1464,0.045,0.275272727,0.274639032,0.129,0.279,0.0057,0.760520858,0.169146526,0.297522132,0.033653333,0.259229091,0.042356364,0.0112,0.058036364,0.045614545,0.030688,0.023296,22.55456,6.39,0.389989714,3.23759856,1.835262158,0.074299369,0.1786889,0.002002995,0.12343104,0.0038096,0.147445117,0.134735801,0.593248655,0.090007273,47.4354274,9.777447138,4.516608417,12.27434294
9/24/2021,0.469789091,0.028509091,0.219112727,0.381003636,0.065163636,0.066589091,0.014336,0.007616,2.71E-05,0.002407586,0.023123463,0.481090909,0.422909091,0.0915,0.508181818,0.512412916,0.2563,0.4349,0.0092,0.645546323,0.153404242,0.278360217,0.2672,0.466734546,0.075345455,0.016352,0.097541818,0.078196364,0.025047273,0.046836364,624.66432,8.08,0.026210696,4.316743231,2.915544801,0.055976924,0.146217267,0.002364797,0.01942896,0.0050001,0.293351167,0.20474784,0.196566911,0.227258182,45.09000866,7.045241881,4.610711082,21.98733397
9/25/2021,0.009072,0.001629091,0.009866667,0.0126,0.003210667,0.005226667,0.000373333,0.000266667,2.71E-05,5.42E-05,8.15E-05,0.011333333,0.001166667,0.000333333,0.004166667,0.004728575,0.014833333,0.030333333,0.00065,0.599756119,0.130331126,0.334818665,0.033653333,0.00688,0.001013333,0.000586667,0.001157333,0.001013333,0.000586667,0.001013333,0.026506667,0.18,0.026210696,0.492384075,0.21390339,0.004280992,0.009113238,0.000193935,0.01942896,0.00011905,0.006656053,0.001630811,0.002394799,0.00016,53.18170722,8.46680176,2,11.48
9/26/2021,0.009072,0.001629091,0.009866667,0.0126,0.003210667,0.005226667,0.000373333,0.000266667,2.71E-05,5.42E-05,8.15E-05,0.011333333,0.001166667,0.000333333,0.004166667,0.004728575,0.014833333,0.030333333,0.00065,0.326730847,0.092314978,0.14141279,0.033653333,0.00688,0.001013333,0.000586667,0.001157333,0.001013333,0.000586667,0.001013333,0.026506667,0.18,0.026210696,0.492384075,0.21390339,0.004280992,0.009113238,0.000193935,0.01942896,0.00011905,0.006656053,0.001630811,0.002394799,0.00016,53.18170722,8.46680176,2,11.48
9/27/2021,0.104,0.01888,0.192,0.41408,0.06176,0.06176,0.01312,0.00352,2.71E-05,0.004869594,0.007200203,0.356,0.332,0.065,0.232,0.318998979,0.157,0.3513,0.005,0.213469939,0.071036919,0.091019165,0.033653333,0.216,0.03552,0.008,0.04736,0.03712,0.01056,0.02688,0.026506667,0.18,0.270491929,0.492384075,1.75191571,0.049283998,0.112215378,0.001690955,0.01942896,0.0030953,0.169633628,0.073647788,0.017834638,0.11776,49.73470009,7.862863259,6.169259065,13.38841613
9/28/2021,0.07936,0.01088,0.0592,0.45792,0.04928,0.05536,0.0128,0.00416,2.71E-05,5.42E-05,0.01159775,0.229,0.179,0.02,0.18,0.202998409,0.131,0.271,0.00065,0.209242951,0.07018957,0.08903861,0.21216,0.192,0.03072,0.00768,0.04,0.03328,0.00832,0.02048,0.026506667,0.18,0.026210696,0.492384075,1.514307425,0.039132795,0.082673706,0.001515004,0.01942896,0.0019048,0.142742069,0.076038378,0.002394799,0.08416,51.16699942,5.624604704,6.565215524,17.97311483
9/29/2021,0.084448,0.013664,0.194472727,0.411752727,0.055592727,0.059258182,0.012992,0.0032,2.71E-05,0.000446252,0.007542907,0.1889,0.124636364,0.003,0.143545455,0.195144646,0.112,0.258,0.004,0.258473278,0.079676724,0.112336184,0.24576,0.181032727,0.028916364,0.00768,0.036247273,0.029934546,0.0096,0.018144,156.68128,0.18,0.177906987,0.492384075,0.21390339,0.029750957,0.071514456,0.001368761,0.01942896,0.0011905,0.199567239,0.059945873,0.278108615,0.06272,54.78996541,4.858054099,6.182630698,15.44129044
9/30/2021,0.06944,0.011946667,0.081454545,0.40824,0.036654545,0.06776,0.01344,0.000266667,2.71E-05,5.42E-05,0.002106831,0.011333333,0.001166667,0.000333333,0.0495,0.004728575,0.014833333,0.030333333,0.00065,0.572161873,0.128349278,0.269236079,0.033653333,0.055389091,0.0098,0.000586667,0.01008,0.007616,0.008288,0.0168,220.77888,5.26,0.283436615,0.492384075,1.283420342,0.247499162,0.845352578,0.000193935,0.12114528,0.0021429,0.326750288,0.001630811,0.353239872,0.03024,26.31043134,15.09139799,2.25122113,4.513881708
10/1/2021,0.066752,0.010976,0.205469091,0.401163636,0.055389091,0.066385454,0.013888,0.000266667,2.71E-05,5.42E-05,0.004459862,0.068,0.018,0.000333333,0.087818182,0.109340549,0.014833333,0.030333333,0.0039,0.611984051,0.130601071,0.160604425,0.033653333,0.077728,0.013216,0.00352,0.019936,0.015904,0.019264,0.01216,36.34624,4.75,0.235466129,0.492384075,1.394174121,0.232299129,0.772870083,0.00121185,0.13790752,0.0021429,0.058305577,0.045012443,0.377712462,0.04928,53.18170722,8.46680176,2,5.05071732
10/2/2021,0.062272,0.0112,0.205469091,0.408698182,0.056203636,0.064349091,0.013664,0.000266667,2.71E-05,5.42E-05,0.001612729,0.011333333,0.001166667,0.000333333,0.074727273,0.09652257,0.014833333,0.426,0.004,0.627743039,0.133166344,0.23941038,0.033653333,0.06384,0.010976,0.000586667,0.015008,0.012096,0.015008,0.00928,25.22464,3.53,0.281661694,3.671833733,1.449499162,0.222891522,0.773761149,0.000193935,0.1561936,0.0021429,0.040236436,0.01240313,0.557426749,0.03808,53.18170722,8.46680176,2,4.358443359
10/3/2021,0.073024,0.015008,0.217483636,0.296698182,0.068625454,0.069643636,0.015008,0.000266667,2.71E-05,5.42E-05,0.001942594,0.07,0.047,0.000333333,0.119636364,0.127218282,0.014833333,0.3185,0.004,0.776992154,0.16686977,0.346811274,0.033653333,0.08736,0.01568,0.00384,0.02016,0.016290909,0.017696,0.01344,46.3344,4.89,0.317711304,4.199939142,1.638197918,0.272158053,0.881462179,0.000193935,0.1752416,0.0019048,0.053467476,0.014286626,0.602541789,0.081861818,53.18170722,8.46680176,2,4.608349391
10/4/2021,0.225493333,0.02296,0.23688,0.46984,0.07672,0.07392,0.01568,0.000266667,2.71E-05,5.42E-05,0.00383433,0.312,0.294,0.002,0.404,0.577182778,0.2,0.967,0.019,0.848311778,0.228122368,0.359064698,0.033653333,0.53928,0.08456,0.02688,0.14896,0.11144,0.03136,0.06888,2.14816,4.4,0.026210696,4.399426654,2.105668473,0.154919725,0.49368075,0.001811048,0.01942896,0.0026191,0.119167326,0.11604024,0.073805825,0.093469091,53.18170722,8.46680176,2,11.48
10/5/2021,0.08624,0.0128,0.281221818,0.725556364,0.076363636,0.093061818,0.028916364,0.00192,0.021105999,0.048062475,0.000904165,0.28,0.129,0.074,0.036,0.004728575,0.098,1.032090909,0.008,0.316070131,0.145148839,0.10831684,0.033653333,0.042336,0.00672,0.000586667,0.013888,0.00608,0.00352,0.001013333,42.92064,0.18,0.277067979,0.492384075,0.21390339,0.141427355,0.440266381,0.000193935,0.304539424,0.0014286,0.006656053,0.01595176,0.002394799,0.01344,53.18170722,8.46680176,2,11.48
10/6/2021,0.171461818,0.028509091,0.245178182,0.792756364,0.07616,0.089803636,0.02828,0.009856,0.036051458,0.097206643,0.017034496,1.988272727,0.925545455,0.435454545,0.911272727,0.25986314,0.768,2.198545455,0.0378,0.331511867,0.122903988,0.177640527,0.2928,0.469789091,0.075141818,0.018592,0.167389091,0.076770909,0.014336,0.001013333,12.26176,3.54,0.342115115,3.738062602,2.182880862,0.14563352,0.442374635,0.001977604,0.38400768,0.0028572,0.138502135,0.185283953,0.002394799,0.267781818,53.18170722,8.46680176,2,11.48
10/7/2021,0.13088,0.022848,0.230496,0.808232727,0.078848,0.079072,0.0288,0.004256,0.023806152,0.068893538,0.005751968,0.671,0.337,0.1545,0.2496,0.093326179,0.273,1.483454545,0.012,0.207522625,0.103513926,0.092740841,0.033653333,0.187488,0.028896,0.00784,0.071232,0.031808,0.007392,0.001013333,9.36096,0.18,0.295174219,0.492384075,0.21390339,0.086197174,0.222090758,0.000193935,0.3390544,0.0014286,0.086288942,0.062267644,0.002394799,0.093856,53.18170722,8.46680176,2,11.48
10/8/2021,0.009072,0.001629091,0.009866667,0.312853333,0.003210667,0.005226667,0.000373333,0.000266667,2.71E-05,5.42E-05,8.15E-05,0.011333333,0.001166667,0.000333333,0.004166667,0.004728575,0.014833333,0.030333333,0.00065,0.114864238,0.246475747,0.030149373,0.033653333,0.00688,0.001013333,0.000586667,0.001157333,0.001013333,0.000586667,0.001013333,0.026506667,0.18,0.026210696,4.317734355,2.255530076,0.072622215,0.177358047,0.001863037,0.01942896,0.002373972,0.006656053,0.001630811,0.002394799,0.00016,38.12167759,5.963276103,7.82236457,7.742093751
10/9/2021,0.155008,0.029323636,0.319505454,0.797847273,0.083490909,0.104669091,0.031136,0.005152,0.030280454,0.068824968,0.00858594,1.245818182,0.598363636,0.403909091,0.685363636,0.169750053,0.471909091,1.839363636,0.015,0.16594215,0.07243284,0.085692626,0.20736,0.264523636,0.043374545,0.010976,0.097745455,0.044392727,0.00736,0.001013333,0.026506667,0.18,0.226224296,0.492384075,1.357116588,0.087225094,0.231655014,0.001247396,0.200004,0.0014286,0.108952984,0.093914653,0.002394799,0.175127273,45.79636836,4.830377166,7.518477647,11.65875976
10/10/2021,0.194133333,0.023825455,0.137454545,0.854,0.055796364,0.043170909,0.036586667,0.012768,0.025226323,0.069998285,0.004786464,1.201,0.30775,0.1368,0.744,0.760993851,0.2478,0.937818182,0.012,0.334415726,0.092993822,0.149134394,0.033653333,0.273890909,0.044189091,0.011424,0.094283636,0.045410909,0.008736,0.001013333,50.18048,2.2,0.400680974,4.226644989,1.706010586,0.166893407,0.550157267,0.001355303,0.270405408,0.002381,0.091265027,0.057729803,0.002394799,0.198016,53.18170722,4.830377166,7.518477647,11.48
10/11/2021,0.123648,0.024029091,0.337425454,0.837352727,0.088785455,0.106501818,0.0336,0.00336,0.021668277,0.066953755,0.002057653,0.784272727,0.384272727,0.156181818,0.1813,0.048955366,0.313545455,1.189181818,0.018,0.213232881,0.070989577,0.090907988,0.033653333,0.097134545,0.01792,0.00352,0.032174545,0.014865455,0.00416,0.001013333,5.01088,0.18,0.445029903,3.18567445,0.21390339,0.114610692,0.352385007,0.000193935,0.345703883,0.0011905,0.006656053,0.024501909,0.002394799,0.056814546,30.40730851,10.4002547,4.30678171,4.369902776
10/12/2021,0.085792,0.015232,0.273890909,0.666094546,0.077178182,0.091025455,0.02688,0.000266667,2.71E-05,5.42E-05,0.000489262,0.4364,0.1,0.058,0.025,0.028371448,0.118,0.650090909,0.008,0.16220588,0.060245142,0.067287703,0.033653333,0.045024,0.007392,0.000586667,0.020567273,0.008064,0.000586667,0.001013333,4.01184,1.27,0.4265382,0.492384075,0.21390339,0.114579768,0.371150675,0.000193935,0.385074368,0.0009524,0.006656053,0.001630811,0.002394799,0.00016,19.05586254,8.918209626,3.40340134,3.135798342
10/13/2021,0.101248,0.018592,0.281018182,0.57344,0.080843636,0.092450909,0.028101818,0.000266667,0.019367356,5.42E-05,0.002482922,0.657090909,0.1713,0.1219,0.2406,0.068084749,0.217,1.654181818,0.012,0.22491403,0.07329798,0.096400804,0.033653333,0.121978182,0.019549091,0.00384,0.055389091,0.022603636,0.000586667,0.001013333,1.344,1.08,0.277488928,0.492384075,0.21390339,0.100744379,0.303093855,0.000193935,0.23200464,0.0011905,0.044608837,0.025070156,0.002394799,0.042336,24.91839894,6.586106815,6.19626904,10.12185878
10/14/2021,0.122589091,0.021056,0.277149091,0.554298182,0.08064,0.093265455,0.028672,0.00416,0.021238568,0.066630712,0.009221346,0.956545455,0.346545455,0.265,0.471545455,0.111796338,0.391727273,1.387272727,0.0176,0.295667869,0.086370326,0.130240782,0.033653333,0.217076364,0.036654545,0.009184,0.090007273,0.039098182,0.00352,0.001013333,2.8784,1.16,0.401992228,3.166708401,1.56367347,0.162384307,0.522915337,0.000193935,0.299739328,0.0021429,0.08996952,0.082202076,0.002394799,0.11312,29.73276511,7.379657347,5.569436726,13.30658327
10/15/2021,0.009072,0.001629091,0.10472,0.21392,0.028,0.03136,0.000373333,0.000266667,2.71E-05,5.42E-05,0.001862426,0.549,0.001166667,0.000333333,0.004166667,0.004728575,0.286,1.63625,0.00065,0.378521849,0.100169764,0.170908043,0.033653333,0.076906667,0.01568,0.000586667,0.03752,0.014933333,0.000586667,0.001013333,0.026506667,0.18,0.924312515,3.089188023,1.410602086,0.175711752,0.594037571,0.001292338,0.01942896,0.0019048,0.006656053,0.001630811,0.002394799,0.00016,27.94099861,6.176500146,6.878660623,10.57230701
10/16/2021,0.009072,0.001629091,0.009866667,0.0126,0.003210667,0.005226667,0.000373333,0.000266667,2.71E-05,5.42E-05,8.15E-05,0.011333333,0.001166667,0.000333333,0.004166667,0.004728575,0.014833333,0.030333333,0.00065,0.43605356,0.061277555,0.154731983,0.033653333,0.00688,0.001013333,0.000586667,0.001157333,0.001013333,0.000586667,0.001013333,0.026506667,0.18,0.026210696,0.492384075,0.21390339,0.004280992,0.009113238,0.000193935,0.01942896,0.00011905,0.006656053,0.001630811,0.002394799,0.00016,53.18170722,8.46680176,2,11.48
10/17/2021,0.054432,0.009774545,0.160872727,0.267374545,0.038690909,0.054778182,0.012544,0.00352,0.028759435,0.048804778,0.004871549,0.596454545,0.127,0.0698,0.1576,0.051087234,0.259818182,1.160181818,0.00065,0.481587357,0.082957851,0.211794324,0.033653333,0.116887273,0.018938182,0.00416,0.053556364,0.022807273,0.0048,0.001013333,0.026506667,0.18,0.330036383,3.073530287,1.375160557,0.118469541,0.410834869,0.001245873,0.18514656,0.0014286,0.006656053,0.095750403,0.002394799,0.071008,35.22477333,5.172790666,5.854107179,10.77446512
10/18/2021,0.009072,0.001629091,0.009866667,0.5376,0.003210667,0.005226667,0.00224,0.000266667,2.71E-05,5.42E-05,8.15E-05,0.011333333,0.001166667,0.000333333,0.004166667,0.004728575,0.014833333,0.030333333,0.00065,0.125022787,0.051531832,0.050530145,0.033653333,0.00688,0.001013333,0.000586667,0.001157333,0.001013333,0.000586667,0.001013333,0.026506667,0.18,0.026210696,4.317734355,2.255530076,0.072622215,0.177358047,0.001863037,0.01942896,0.002373972,0.006656053,0.001630811,0.002394799,0.00016,28.69628375,4.807590068,9.303272827,8.458462091
10/19/2021,0.072576,0.012768,0.196101818,0.376523636,0.048058182,0.055796364,0.014784,0.00352,0.028040485,0.082760779,0.006476143,0.645454545,0.156,0.131,0.286,0.137412397,0.277363636,0.979909091,0.00065,0.16211579,0.060225064,0.067246595,0.033653333,0.201396364,0.0336,0.00896,0.107927273,0.043374545,0.00384,0.001013333,0.026506667,0.18,0.220348694,0.492384075,1.385671276,0.116736968,0.367900575,0.001322295,0.133336,0.0021429,0.039936319,0.037271483,0.002394799,0.086749091,27.97150531,7.397870249,8.195532693,16.04791159
10/20/2021,0.075264,0.01568,0.191621818,0.361658182,0.048261818,0.065774546,0.015232,0.013236364,0.022887307,0.068124026,0.018406472,0.991181818,0.24,0.137,0.3361,0.10096365,0.406090909,1.031272727,0.00065,0.253026954,0.07866511,0.109735189,0.033653333,0.279185454,0.042763636,0.0112,0.131345455,0.063738182,0.00576,0.001013333,0.026506667,0.18,0.272947577,2.95430445,1.646718274,0.137368078,0.481190071,0.001758745,0.177070208,0.0028572,0.042652899,0.075797532,0.002394799,0.155374545,33.6770126,7.206439639,8.672415101,20.60425527
10/21/2021,0.064736,0.010304,0.175738182,0.399534546,0.019264,0.055796364,0.014336,0.00576,0.022096461,0.049477422,0.011357996,0.664727273,0.171,0.106,0.2147,0.065482523,0.199,0.7331,0.00065,0.365976855,0.098164453,0.164687802,0.033653333,0.207505455,0.029730909,0.00896,0.081250909,0.035229091,0.00544,0.001013333,0.026506667,1.3,0.375700081,3.882712021,1.663182596,0.179200951,0.630548096,0.001544457,0.228271232,0.002381,0.006656053,0.05990636,0.002394799,0.10416,34.27725302,4.783975244,6.914594947,12.21572296
10/22/2021,0.104832,0.015008,0.198952727,0.406254546,0.028305454,0.06272,0.01504,0.00784,0.032415143,0.070615421,0.025506469,1.085,0.384625,0.200727273,0.4518,0.09543528,0.515636364,1.475454545,0.00065,0.271272988,0.08202118,0.118470346,0.033653333,0.395665454,0.063941818,0.013888,0.184087273,0.074123636,0.009632,0.001013333,0.15904,5.73,0.31838965,3.769371262,2.135311271,0.16321609,0.534664276,0.00192251,0.24267152,0.002381,0.103545695,0.09596279,0.002394799,0.182661818,38.16458468,6.851335081,5.685086573,25.93264878
10/23/2021,0.009072,0.001629091,0.009866667,0.0756,0.003210667,0.005226667,0.000373333,0.000266667,2.71E-05,5.42E-05,8.15E-05,0.011333333,0.001166667,0.000333333,0.004166667,0.004728575,0.014833333,0.030333333,0.00065,0.148767533,0.057198808,0.061181684,0.033653333,0.00688,0.001013333,0.000586667,0.001157333,0.001013333,0.000586667,0.001013333,0.026506667,2.53,0.026210696,0.492384075,0.21390339,0.079231377,0.24511754,0.000193935,0.01942896,0.0014286,0.006656053,0.001630811,0.002394799,0.00016,35.79682722,4.564633901,8.843585627,9.002055856
10/24/2021,0.0864,0.016290909,0.079010909,0.584232727,0.051316364,0.052416,0.02144,0.00448,0.029086357,0.06765927,0.003880971,0.415,0.308,0.000333333,0.285,0.044417383,0.014833333,0.562,0.00065,0.176890882,0.063460772,0.074018187,0.033653333,0.178385455,0.026269091,0.00704,0.060887273,0.027083636,0.00544,0.001013333,0.25312,0.18,0.334681526,0.492384075,1.399576943,0.093824393,0.274445422,0.000193935,0.391765411,0.0016667,0.006656053,0.06586308,0.059931641,0.086912,42.88055628,6.874540556,6.663265254,8.420557421
10/25/2021,0.009072,0.001629091,0.009866667,0.77952,0.003210667,0.005226667,0.000373333,0.000266667,2.71E-05,5.42E-05,8.15E-05,0.011333333,0.001166667,0.000333333,0.004166667,0.004728575,0.014833333,0.030333333,0.00065,0.141276398,0.055452847,0.057801489,0.033653333,0.00688,0.001013333,0.000586667,0.001157333,0.001013333,0.000586667,0.001013333,0.026506667,0.18,0.026210696,4.317734355,2.255530076,0.072622215,0.177358047,0.001863037,0.01942896,0.002373972,0.006656053,0.001630811,0.002394799,0.00016,26.47084098,6.861750036,6.641430756,6.038001042
10/26/2021,0.08608,0.01248,0.09912,0.582196364,0.0546,0.07616,0.02176,0.0032,0.015562237,0.047927511,0.003658306,0.384,0.143,0.042,0.128,0.004728575,0.257,0.774125,0.00065,0.148382339,0.057109901,0.061007452,0.033653333,0.10528,0.01696,0.00544,0.04536,0.02016,0.00352,0.001013333,96.22592,0.18,0.214476492,0.492384075,0.21390339,0.073510249,0.241876145,0.000193935,0.28572,0.0011905,0.006656053,0.017494778,0.373075975,0.05088,31.94890214,4.70364941,8.3296955,10.64047647
10/27/2021,0.090272,0.014661818,0.286109091,0.455534545,0.066792727,0.093672727,0.021992727,0.000266667,0.013951375,5.42E-05,0.000972858,0.587363636,0.001166667,0.000333333,0.041,0.004728575,0.1821,0.2925,0.00065,0.382042958,0.100727812,0.172657668,0.033653333,0.089192727,0.021992727,0.000586667,0.060683636,0.020974545,0.000586667,0.001013333,0.026506667,2.12,0.331840167,0.492384075,0.21390339,0.10074266,0.33252591,0.000193935,0.201070688,0.0007143,0.006656053,0.146474721,0.002394799,0.01984,30.74024436,5.387173438,7.864696665,8.757291679
10/28/2021,0.084448,0.0112,0.275316364,0.619461818,0.025047273,0.087970909,0.021056,0.0032,0.014310554,5.42E-05,0.001226162,0.4,0.068,0.061,0.078,0.004728575,0.1,0.3099,0.00065,0.54698531,0.124930212,0.256233365,0.033653333,0.112203636,0.014865455,0.00384,0.043985455,0.016290909,0.000586667,0.001013333,0.026506667,0.18,0.362574564,0.492384075,0.21390339,0.126302914,0.436439919,0.000193935,0.227204544,0.0011905,0.006656053,0.046135767,0.002394799,0.00096,32.21982584,5.57696039,5.640886268,8.395287656
10/29/2021,0.097541818,0.014050909,0.292218182,0.418269091,0.068014545,0.095098182,0.020832,0.003584,0.019588305,5.42E-05,0.004281605,0.592272727,0.087,0.0989,0.1344,0.040174343,0.2308,0.3213,0.00065,0.545872214,0.124777613,0.255659856,0.033653333,0.124421818,0.018734546,0.00384,0.053149091,0.02016,0.000586667,0.001013333,25.73312,2.2,0.344433394,3.067620739,0.21390339,0.138801152,0.485308387,0.000193935,0.1295264,0.0011905,0.006656053,0.08305821,0.002394799,0.052864,32.18629773,5.326097787,6.674546527,8.636525723
10/30/2021,0.009072,0.001629091,0.009866667,0.0126,0.003210667,0.005226667,0.000373333,0.000266667,2.71E-05,5.42E-05,8.15E-05,0.011333333,0.001166667,0.000333333,0.004166667,0.004728575,0.014833333,0.030333333,0.00065,0.332624604,0.092694657,0.148255993,0.033653333,0.00688,0.001013333,0.000586667,0.001157333,0.001013333,0.000586667,0.001013333,0.026506667,0.18,0.026210696,0.492384075,0.21390339,0.004280992,0.009113238,0.000193935,0.01942896,0.00011905,0.006656053,0.001630811,0.002394799,0.00016,53.18170722,8.46680176,2,11.48
10/31/2021,0.09824,0.02336,0.161056,0.5544,0.04256,0.04816,0.01984,0.00704,0.024280486,0.055548632,0.009156222,0.7884,0.429,0.2004,0.708,0.124238276,0.382,1.145636364,0.00065,0.174386447,0.062920145,0.072866256,0.033653333,0.48128,0.07904,0.0192,0.18752,0.08352,0.01408,0.001013333,0.026506667,0.18,0.211399281,0.492384075,2.006194359,0.087562961,0.239284821,0.001493423,0.11885952,0.002381,0.088099995,0.168179611,0.002394799,0.3536,55.40016237,3.007859473,8.444555847,18.15837744
